Category,Total Spent,Transactions,% of Total
Food,150,1,2.7777777777777777
Rent,5000,1,92.5925925925926
Transport,50,1,0.9259259259259258
Utilities,200,1,3.7037037037037033
